sku,nama_barang,satuan
BRG-0001,Pipa PVC 1/2 inch Type AW,Meter
BRG-0002,Pipa PVC 3/4 inch Type AW,Meter
BRG-0003,Pipa PVC 1 inch Type AW,Meter
BRG-0004,Elbow PVC 1/2 inch,Pcs
BRG-0005,Elbow PVC 3/4 inch,Pcs
BRG-0006,Tee PVC 1/2 inch,Pcs
BRG-0007,Socket PVC 1/2 inch,Pcs
BRG-0008,Semen Gresik 40kg,Kg
BRG-0009,Besi Beton 8mm Polos,ST
BRG-0010,Besi Beton 10mm Polos,ST
BRG-0011,Besi Beton 12mm Polos,ST
BRG-0012,Kawat Beton (Bendrat),Kg
BRG-0013,Triplek 9mm 122x244,Pairs
BRG-0014,Triplek 12mm 122x244,Pairs
BRG-0015,Kayu Kaso 4x6 Borneo,ST
BRG-0016,Kayu Balok 6x12 Borneo,ST
BRG-0017,Paku Kayu 2 inch,Kg
BRG-0018,Paku Kayu 3 inch,Kg
BRG-0019,Cat Tembok Vinilex White 5kg,Box
BRG-0020,Kuas Cat 3 inch,Pcs
BRG-0021,Thinner A Spesial 1L,Liter
BRG-0022,Baut Roofing 12x50,Pcs
BRG-0023,Sekrup Gypsum 1 inch,Box
BRG-0024,Papan Gypsum Jayaboard 9mm,Pairs
BRG-0025,Compound Gypsum 20kg,Kg
BRG-0026,Kabel Eterna NYM 2x1.5mm,Meter
BRG-0027,Kabel Eterna NYM 3x2.5mm,Meter
BRG-0028,Lampu LED Phillips 10W,Pcs
BRG-0029,Saklar Engkel Broco,Pcs
BRG-0030,Stop Kontak Broco,Pcs
BRG-0031,Fitting Lampu Plafon,Pcs
BRG-0032,Isolasi Listrik Nitto,Pcs
BRG-0033,Kran Air San-Ei 1/2 inch,Pcs
BRG-0034,Seal Tape Onda,Pcs
BRG-0035,Tang Kombinasi Tekiro,Pcs
BRG-0036,Obeng Plus Tekiro,Pcs
BRG-0037,Kunci Inggris 10 inch Tekiro,Pcs
BRG-0038,Gergaji Kayu Camel,Pcs
BRG-0039,Meteran 5 Meter Tekiro,Pcs
BRG-0040,Waterpass 60cm,Pcs
BRG-0041,Cangkul Crocodile,Pcs
BRG-0042,Sekop Pasir,Pcs
BRG-0043,Gerobak Pasir Artco,Unit
BRG-0044,Helm Safety Kuning,Pcs
BRG-0045,Sepatu Boot AP Boots,Pairs
BRG-0046,Sarung Tanggal Katun,Pairs
BRG-0047,Masker N95,Pcs
BRG-0048,Rompi Safety Orange,Pcs
BRG-0049,Kacamata Safety Clear,Pcs
BRG-0050,Welding Electrode RB-26 3.2mm,Box
BRG-0051,Grinding Disc 4 inch Resibon,Pcs
BRG-0052,Cutting Disc 4 inch WD,Pcs
BRG-0053,Amplas Lembaran No 100,Pairs
BRG-0054,Lem Fox Putih 1kg,Box
BRG-0055,Lem Korea (Power Glue),Pcs
BRG-0056,Sealant Silicone Clear,Pcs
BRG-0057,Semen Putih 40kg,Kg
BRG-0058,Pasir Pasang,ST
BRG-0059,Batu Kali,ST
BRG-0060,Batu Bata Merah,Pcs
BRG-0061,Paving Block Press,Pcs
BRG-0062,Grendel Pintu 3 inch,Pcs
BRG-0063,Engsel Pintu 4 inch,Pairs
BRG-0064,Kunci Pintu Set Dekson,Set
BRG-0065,Handle Jendela,Pcs
BRG-0066,Kaca Polos 5mm,Pairs
BRG-0067,Aluminium Profile U,Meter
BRG-0068,Atap Spandek 0.3mm,Meter
BRG-0069,Baja Ringan C75.75,ST
BRG-0070,Reng Baja Ringan,ST
BRG-0071,Seng Gelombang BJLS 30,Pairs
BRG-0072,Genteng Metal Pasir,Pairs
BRG-0073,Lisplang GRC 20cm,ST
BRG-0074,Pintu PVC Kamar Mandi,Unit
BRG-0075,Bak Mandi Fiber,Unit
BRG-0076,Closet Jongkok Toto,Unit
BRG-0077,Closet Duduk Toto,Unit
BRG-0078,Shower Mandi Set,Set
BRG-0079,Floor Drain Stainless,Pcs
BRG-0080,Tangki Air Profil Tank 1100L,Unit
BRG-0081,Pompa Air Shimizu PS-128,Unit
BRG-0082,Radar Pelampung Otomatis,Set
BRG-0083,Pipa PPR PN10 20mm,Meter
BRG-0084,Fitting PPR PN10 20mm,Pcs
BRG-0085,Kawat Las Stainless 2.0mm,Box
BRG-0086,Baut Baja Hitam M12x50,Pcs
BRG-0087,Mur Baja Hitam M12,Pcs
BRG-0088,Ring Plat M12,Pcs
BRG-0089,Dyna Bolt 10x77,Pcs
BRG-0090,Fisher S8,Box
BRG-0091,Skrup Kayu 1.5 inch,Box
BRG-0092,Kertas Pasir No 400,Pairs
BRG-0093,Kuas Cat 1 inch,Pcs
BRG-0094,Rol Cat Besar,Pcs
BRG-0095,Bak Cat Plastik,Pcs
BRG-0096,Tangga Aluminium 2 Meter,Unit
BRG-0097,Tali Tambang Nilon 10mm,Meter
BRG-0098,Terpal Biru 4x6,Pairs
BRG-0099,Kawat Duri per Roll,ST
BRG-0100,Jaring Safety Mesh,Meter
BRG-0101,Semen Instan Mortar Utama MU-380,Kg
BRG-0102,Semen Instan Mortar Utama MU-400,Kg
BRG-0103,Bata Ringan Hebel 7.5cm,ST
BRG-0104,Bata Ringan Hebel 10cm,ST
BRG-0105,Paku GRC 1 inch,Kg
BRG-0106,Baut Roofing 12x75,Pcs
BRG-0107,Aluminium Foil Double Side,Meter
BRG-0108,Glasswool Insulation,Meter
BRG-0109,Wiremesh M6 per Lembar,ST
BRG-0110,Wiremesh M8 per Lembar,ST
BRG-0111,Kabel Eterna NYA 1x1.5mm,Meter
BRG-0112,Pipa Conduit 20mm,Meter
BRG-0113,T-Dus Kotak Hitam,Pcs
BRG-0114,In-Dus Kotak Putih,Pcs
BRG-0115,Saklar Seri Broco,Pcs
BRG-0116,Fitting Downlight 4 inch,Pcs
BRG-0117,MCB Schneider 10A,Pcs
BRG-0118,MCB Schneider 16A,Pcs
BRG-0119,Box MCB 4 Group,Pcs
BRG-0120,Grounding Rod 5/8 inch,ST
BRG-0121,Kran Angsa Dapur Onda,Pcs
BRG-0122,Flexible Hose 40cm,Pcs
BRG-0123,Sifon Wastafel,Set
BRG-0124,Avur Wastafel,Pcs
BRG-0125,Jet Shower Closet,Set
BRG-0126,Stop Kran 1/2 inch Onda,Pcs
BRG-0127,Double Nipple 1/2 inch,Pcs
BRG-0128,Reducer Socket 1x3/4 inch,Pcs
BRG-0129,Clean Out 4 inch PVC,Pcs
BRG-0130,Pipa PVC 4 inch Type D,Meter
BRG-0131,Pipa PVC 3 inch Type D,Meter
BRG-0132,Fitting PVC Y-Branch 4x4 inch,Pcs
BRG-0133,Fitting PVC Knee 4 inch,Pcs
BRG-0134,Lem PVC Isarplas 45gr,Box
BRG-0135,Kuas Cat 2 inch,Pcs
BRG-0136,Cat Dasar Tembok Dulux 20L,Box
BRG-0137,Cat Kayu/Besi Mowilex Black,Box
BRG-0138,Minyak Cat (Thinner B),Liter
BRG-0139,Amplas Susun (Flap Disc) No 80,Pcs
BRG-0140,Batu Potong Stainless 14 inch WD,Pcs
BRG-0141,Mata Bor Besi 5mm Nachi,Pcs
BRG-0142,Mata Bor Beton 8mm Bosch,Pcs
BRG-0143,Kunci L Set Tekiro,Set
BRG-0144,Tang Rivet Tekiro,Pcs
BRG-0145,Paku Rivet 4x11,Box
BRG-0146,Gergaji Besi Sandflex,Pcs
BRG-0147,Palu Kambing Tekiro,Pcs
BRG-0148,Betel Beton 10 inch,Pcs
BRG-0149,Unting-Unting Kuningan,Pcs
BRG-0150,Benang Bangunan per Roll,ST
BRG-0151,Ember Cor Plastik,Pcs
BRG-0152,Ayakan Pasir,Pcs
BRG-0153,Cangkul Tanpa Gagang,Pcs
BRG-0154,Gagang Cangkul Kayu,Pcs
BRG-0155,Sapu Lidi Taman,Pcs
BRG-0156,Penggaruk Sampah Besi,Pcs
BRG-0157,Gunting Seng Tekiro,Pcs
BRG-0158,Kunci Pintu Kecil Kamar,Set
BRG-0159,Engsel Jendela 3 inch,Pairs
BRG-0160,Kait Angin Jendela,Pcs
BRG-0161,Ram Nyamuk Paranet,Meter
BRG-0162,Siku Rak Besi 10x12,Pairs
BRG-0163,Gembok Kuningan 50mm,Pcs
BRG-0164,Rantai Besi 1/4 inch,Meter
BRG-0165,Klem Pipa 1/2 inch,Pcs
BRG-0166,Klem Kabel No 10,Box
BRG-0167,Baut JP M6x20,Pcs
BRG-0168,Sekrup Tapping 8x1,Box
BRG-0169,Batu Gerinda Poles 4 inch,Pcs
BRG-0170,Mata Jigsaw Kayu,Pcs
BRG-0171,Carbon Brush Makita,Pairs
BRG-0172,Oli Mesin Diesel 1L,Liter
BRG-0173,Grease (Gemuk) Chassis 1kg,Box
BRG-0174,Kain Lap Majun,Kg
BRG-0175,Sabun Cuci Tangan 5L,Box
BRG-0176,Cairan Pembersih Lantai 5L,Box
BRG-0177,Tissue Gulung Pack,Box
BRG-0178,Karung Plastik 50kg,Pcs
BRG-0179,Tali Rafia Roll Besar,ST
BRG-0180,Lakban Bening 2 inch,Pcs
BRG-0181,Plastik Cor per Roll,ST
BRG-0182,Bambu Perancah,ST
BRG-0183,Papan Cor Albasia,ST
BRG-0184,Styrofoam Lembaran 1cm,Pairs
BRG-0185,Peredam Panas Bublle Foil,Meter
BRG-0186,Seng Talang Plat BJLS,Meter
BRG-0187,Karpet Talang Karet,Meter
BRG-0188,Asbes Gelombang Kecil,Pairs
BRG-0189,Paku Asbes,Kg
BRG-0190,Seng Galvalum BJLS 20,Pairs
BRG-0191,Plat Strip Besi 3mm,ST
BRG-0192,Besi Siku 40x40,ST
BRG-0193,Besi UNP 100,ST
BRG-0194,Besi WF 150,ST
BRG-0195,Pipa Galvanis 1.5 inch,Meter
BRG-0196,Fitting Galvanis Elbow 1.5 inch,Pcs
BRG-0197,Cat Meni Besi Zinc Chromate,Box
BRG-0198,Kuas Cat 4 inch,Pcs
BRG-0199,Amplas Kain No 60,Pairs
BRG-0200,Solatip Kertas (Masking Tape),Pcs
BRG-0201,Pipa PVC 2 inch Type AW,Meter
BRG-0202,Pipa PVC 2.5 inch Type AW,Meter
BRG-0203,Pipa PVC 3 inch Type AW,Meter
BRG-0204,Pipa PVC 4 inch Type AW,Meter
BRG-0205,Elbow PVC 1 inch,Pcs
BRG-0206,Elbow PVC 2 inch,Pcs
BRG-0207,Tee PVC 3/4 inch,Pcs
BRG-0208,Tee PVC 1 inch,Pcs
BRG-0209,Socket PVC 3/4 inch,Pcs
BRG-0210,Socket PVC 1 inch,Pcs
BRG-0211,Dop PVC 1/2 inch,Pcs
BRG-0212,Dop PVC 3/4 inch,Pcs
BRG-0213,Water Mur PVC 1/2 inch,Pcs
BRG-0214,Water Mur PVC 3/4 inch,Pcs
BRG-0215,Ball Valve PVC 1/2 inch,Pcs
BRG-0216,Ball Valve PVC 3/4 inch,Pcs
BRG-0217,Semen Tiga Roda 40kg,Kg
BRG-0218,Semen Holcim 40kg,Kg
BRG-0219,Besi Beton 6mm Polos,ST
BRG-0220,Besi Beton 16mm Ulir,ST
BRG-0221,Besi Beton 19mm Ulir,ST
BRG-0222,Besi Beton 22mm Ulir,ST
BRG-0223,Triplek 18mm 122x244,Pairs
BRG-0224,Triplek 6mm 122x244,Pairs
BRG-0225,Kayu Kaso 5x7 Meranti,ST
BRG-0226,Kayu Balok 8x12 Meranti,ST
BRG-0227,Paku Kayu 4 inch,Kg
BRG-0228,Paku Kayu 5 inch,Kg
BRG-0229,Cat Tembok Nippon Paint 5kg,Box
BRG-0230,Cat Tembok Jotun 5kg,Box
BRG-0231,Cat Minyak Avian Black,Box
BRG-0232,Cat Minyak Avian White,Box
BRG-0233,Kuas Cat 2.5 inch,Pcs
BRG-0234,Thinner ND 1L,Liter
BRG-0235,Baut Roofing 12x100,Pcs
BRG-0236,Sekrup Gypsum 1.25 inch,Box
BRG-0237,Sekrup Gypsum 1.5 inch,Box
BRG-0238,GRC Board 4mm 122x244,Pairs
BRG-0239,Compound Cornice 20kg,Kg
BRG-0240,Kabel Eterna NYM 2x2.5mm,Meter
BRG-0241,Kabel Eterna NYM 3x1.5mm,Meter
BRG-0242,Kabel Supreme NYM 2x1.5mm,Meter
BRG-0243,Lampu LED Phillips 13W,Pcs
BRG-0244,Lampu LED Phillips 18W,Pcs
BRG-0245,Saklar Engkel Panasonic,Pcs
BRG-0246,Saklar Seri Panasonic,Pcs
BRG-0247,Stop Kontak Panasonic,Pcs
BRG-0248,Fitting Lampu Gantung,Pcs
BRG-0249,Steker Arde Broco,Pcs
BRG-0250,Kran Air PVC Onda 1/2 inch,Pcs
BRG-0251,Kran Bebek Onda 1/2 inch,Pcs
BRG-0252,Seal Tape American Tool,Pcs
BRG-0253,Tang Lancip Tekiro,Pcs
BRG-0254,Obeng Min Tekiro,Pcs
BRG-0255,Kunci Pas Set Tekiro,Set
BRG-0256,Kunci Ring Set Tekiro,Set
BRG-0257,Gergaji Kayu Stanley,Pcs
BRG-0258,Meteran 7.5 Meter Tekiro,Pcs
BRG-0259,Palu Bodem 2lb Tekiro,Pcs
BRG-0260,Siku Tukang Stainless 30cm,Pcs
BRG-0261,Sekop Beton Besi,Pcs
BRG-0262,Sendok Semen Kotak,Pcs
BRG-0263,Sendok Semen Oval,Pcs
BRG-0264,Roskam Kayu,Pcs
BRG-0265,Roskam Besi,Pcs
BRG-0266,Ember Bangunan Hitam,Pcs
BRG-0267,Gantungan Baju Stainless,Pcs
BRG-0268,Rak Handuk Stainless,Pcs
BRG-0269,Tempat Sabun Keramik,Pcs
BRG-0270,Kitchen Sink 1 Lubang,Unit
BRG-0271,Kitchen Sink 2 Lubang,Unit
BRG-0272,Water Heater Listrik Ariston,Unit
BRG-0273,Exhaust Fan Dinding 10 inch,Unit
BRG-0274,Exhaust Fan Plafon 8 inch,Unit
BRG-0275,Saringan Air Got Stainless,Pcs
BRG-0276,Pipa PPR PN16 20mm,Meter
BRG-0277,Pipa PPR PN16 25mm,Meter
BRG-0278,Socket PPR 20mm,Pcs
BRG-0279,Elbow PPR 20mm,Pcs
BRG-0280,Gate Valve Brass 1/2 inch,Pcs
BRG-0281,Gate Valve Brass 3/4 inch,Pcs
BRG-0282,Check Valve Brass 1/2 inch,Pcs
BRG-0283,Kawat Las LB-52 3.2mm,Box
BRG-0284,Kawat Las Stainless 2.6mm,Box
BRG-0285,Baut Baja M10x40,Pcs
BRG-0286,Mur Baja M10,Pcs
BRG-0287,Ring Plat M10,Pcs
BRG-0288,Ring Per M10,Pcs
BRG-0289,Dyna Bolt 8x65,Pcs
BRG-0290,Dyna Bolt 12x99,Pcs
BRG-0291,Fisher S6,Box
BRG-0292,Fisher S10,Box
BRG-0293,Kertas Pasir No 600,Pairs
BRG-0294,Kertas Pasir No 800,Pairs
BRG-0295,Kertas Pasir No 1000,Pairs
BRG-0296,Rol Cat Kecil,Pcs
BRG-0297,Bak Cat Besar,Pcs
BRG-0298,Tangga Aluminium 3 Meter,Unit
BRG-0299,Tali Tambang Nilon 6mm,Meter
BRG-0300,Tali Tambang Nilon 12mm,Meter
BRG-0301,Semen Mortar MU-200,Kg
BRG-0302,Semen Mortar MU-290,Kg
BRG-0303,Perekat Keramik MU-450,Kg
BRG-0304,Pengisi Nat Keramik AM-53,Kg
BRG-0305,Paku Beton Putih 1 inch,Box
BRG-0306,Paku Beton Putih 2 inch,Box
BRG-0307,Paku Beton Putih 3 inch,Box
BRG-0308,Baut Roofing 10x19,Pcs
BRG-0309,Skrup Kayu 2 inch,Box
BRG-0310,Skrup Kayu 3 inch,Box
BRG-0311,Aluminium Foil Single Side,Meter
BRG-0312,Peredam Suara Rockwool,Meter
BRG-0313,Wiremesh M10 per Lembar,ST
BRG-0314,Pipa Conduit 25mm,Meter
BRG-0315,Klem Pipa Conduit 20mm,Pcs
BRG-0316,L-Bow Conduit 20mm,Pcs
BRG-0317,T-Dus Cabang 3 Conduit,Pcs
BRG-0318,T-Dus Cabang 4 Conduit,Pcs
BRG-0319,Flexible Conduit 20mm,Meter
BRG-0320,Isolasi Listrik Unibel,Pcs
BRG-0321,MCB Panasonic 6A,Pcs
BRG-0322,MCB Panasonic 10A,Pcs
BRG-0323,MCB Panasonic 20A,Pcs
BRG-0324,Box MCB 2 Group,Pcs
BRG-0325,Box MCB 8 Group,Pcs
BRG-0326,Kabel Eterna NYMHY 2x0.75mm,Meter
BRG-0327,Kabel Eterna NYMHY 3x1.5mm,Meter
BRG-0328,Lampu TL LED 18W,Pcs
BRG-0329,Kap Lampu TL Simplex,Pcs
BRG-0330,Starter Lampu S10,Pcs
BRG-0331,Ballast TL 36W,Pcs
BRG-0332,Kran Cabang Onda,Pcs
BRG-0333,Kran Taman Onda,Pcs
BRG-0334,Seal Tape S-Ei,Pcs
BRG-0335,Water Mur PPR 20mm,Pcs
BRG-0336,Stop Kran PPR 20mm,Pcs
BRG-0337,Pipa PVC 1/2 inch Type D,Meter
BRG-0338,Pipa PVC 3/4 inch Type D,Meter
BRG-0339,Pipa PVC 1 inch Type D,Meter
BRG-0340,Pipa PVC 1.5 inch Type D,Meter
BRG-0341,Pipa PVC 2 inch Type D,Meter
BRG-0342,Fitting PVC Elbow 1/2 inch Type D,Pcs
BRG-0343,Fitting PVC Elbow 3/4 inch Type D,Pcs
BRG-0344,Fitting PVC Tee 1/2 inch Type D,Pcs
BRG-0345,Fitting PVC Tee 3/4 inch Type D,Pcs
BRG-0346,Knee PVC 2 inch Type D,Pcs
BRG-0347,Knee PVC 3 inch Type D,Pcs
BRG-0348,Knee PVC 4 inch Type D,Pcs
BRG-0349,Y-Branch PVC 3 inch,Pcs
BRG-0350,Y-Branch PVC 4 inch,Pcs
BRG-0351,T-Branch PVC 3 inch,Pcs
BRG-0352,T-Branch PVC 4 inch,Pcs
BRG-0353,Dop PVC 3 inch Type D,Pcs
BRG-0354,Dop PVC 4 inch Type D,Pcs
BRG-0355,Reducer PVC 4x3 inch,Pcs
BRG-0356,Reducer PVC 3x2 inch,Pcs
BRG-0357,Lem PVC Isarplas 400gr,Box
BRG-0358,Lem PVC Isarplas Tube,Box
BRG-0359,Clean Out 3 inch PVC,Pcs
BRG-0360,Floor Drain Plastik,Pcs
BRG-0361,Kuas Cat 5 inch,Pcs
BRG-0362,Bak Cat Sedang,Pcs
BRG-0363,Cat Dasar Tembok Jotun 20L,Box
BRG-0364,Cat Kayu/Besi Mowilex White,Box
BRG-0365,Thinner High Gloss 1L,Liter
BRG-0366,Amplas Bulat 4 inch No 120,Pcs
BRG-0367,Batu Potong 14 inch Bosch,Pcs
BRG-0368,Mata Bor Besi 10mm Nachi,Pcs
BRG-0369,Mata Bor Besi 12mm Nachi,Pcs
BRG-0370,Mata Bor Beton 10mm Bosch,Pcs
BRG-0371,Kunci Inggris 8 inch Tekiro,Pcs
BRG-0372,Kunci Inggris 12 inch Tekiro,Pcs
BRG-0373,Kunci Pipa 12 inch Tekiro,Pcs
BRG-0374,Kunci Pipa 18 inch Tekiro,Pcs
BRG-0375,Tang Potong Tekiro,Pcs
BRG-0376,Tang Kakaktua Tekiro,Pcs
BRG-0377,Palu Kambing Stanley,Pcs
BRG-0378,Palu Konde Tekiro,Pcs
BRG-0379,Gergaji Besi Frame Tekiro,Pcs
BRG-0380,Mata Gergaji Besi Sandflex,Pcs
BRG-0381,Betel Beton Gepeng,Pcs
BRG-0382,Betel Beton Runcing,Pcs
BRG-0383,Kikir Besi Kasar,Pcs
BRG-0384,Kikir Besi Halus,Pcs
BRG-0385,Sikat Kawat Besi,Pcs
BRG-0386,Sikat Kawat Kuningan,Pcs
BRG-0387,Ember Cor Putih,Pcs
BRG-0388,Ember Cor Merah,Pcs
BRG-0389,Cangkul Crocodile Gagang Besi,Pcs
BRG-0390,Sekop Pasir Gagang Besi,Pcs
BRG-0391,Sapu Lidi Lantai,Pcs
BRG-0392,Pengki Plastik,Pcs
BRG-0393,Tempat Sampah 20L,Unit
BRG-0394,Gunting Baja Ringan Tekiro,Pcs
BRG-0395,Gunting Rumput Camel,Pcs
BRG-0396,Gunting Dahan Camel,Pcs
BRG-0397,Grendel Pintu 2 inch,Pcs
BRG-0398,Grendel Jendela Stainless,Pcs
BRG-0399,Engsel Pintu 3 inch,Pairs
BRG-0400,Engsel Pintu 5 inch,Pairs
BRG-0401,Kunci Pintu Besar Kamar Utama,Set
BRG-0402,Body Kunci Dekson,Pcs
BRG-0403,Silinder Kunci Dekson,Pcs
BRG-0404,Pull Handle Pintu Utama,Pairs
BRG-0405,Hak Angin Jendela Stainless,Pcs
BRG-0406,Rambuncis Jendela Aluminium,Pcs
BRG-0407,Kaca Rayban 5mm,Pairs
BRG-0408,Kaca Es 5mm,Pairs
BRG-0409,Sealant Silicone Black,Pcs
BRG-0410,Sealant Silicone White,Pcs
BRG-0411,Karet Kaca (Gasket),Meter
BRG-0412,Aluminium Profile L,Meter
BRG-0413,Aluminium Profile Box,Meter
BRG-0414,Atap Spandek 0.35mm,Meter
BRG-0415,Atap Spandek Pasir,Meter
BRG-0416,Baja Ringan C75.100,ST
BRG-0417,Baja Ringan C75.60,ST
BRG-0418,Reng Baja Ringan Besar,ST
BRG-0419,Skrup Baja Ringan 10x16,Box
BRG-0420,Seng Gelombang BJLS 20,Pairs
BRG-0421,Genteng Metal Polos,Pairs
BRG-0422,Lisplang GRC 30cm,ST
BRG-0423,Pintu Aluminium Kamar Mandi,Unit
BRG-0424,Bak Mandi Keramik,Unit
BRG-0425,Closet Jongkok American Standard,Unit
BRG-0426,Closet Duduk American Standard,Unit
BRG-0427,Shower Column Set,Set
BRG-0428,Hand Shower Set,Set
BRG-0429,Floor Drain Kuningan,Pcs
BRG-0430,Tangki Air Profil Tank 550L,Unit
BRG-0431,Tangki Air Profil Tank 2000L,Unit
BRG-0432,Pompa Air Shimizu PS-135,Unit
BRG-0433,Pompa Air Sanyo P-WH137,Unit
BRG-0434,Automatic Pressure Control,Pcs
BRG-0435,Kran Air Panas Dingin,Set
BRG-0436,Pipa PPR PN20 20mm (Panas),Meter
BRG-0437,Pipa PPR PN20 25mm (Panas),Meter
BRG-0438,Fitting PPR Elbow 90 deg 20mm,Pcs
BRG-0439,Fitting PPR Tee 20mm,Pcs
BRG-0440,Kawat Las LB-52 2.6mm,Box
BRG-0441,Kawat Las Stainless 3.2mm,Box
BRG-0442,Baut Hitam M16x50,Pcs
BRG-0443,Mur Hitam M16,Pcs
BRG-0444,Ring Plat M16,Pcs
BRG-0445,Ring Per M16,Pcs
BRG-0446,Dyna Bolt 10x100,Pcs
BRG-0447,Dyna Bolt 16x147,Pcs
BRG-0448,Fisher S12,Box
BRG-0449,Fisher S14,Box
BRG-0450,Kertas Pasir No 1200,Pairs
BRG-0451,Kertas Pasir No 1500,Pairs
BRG-0452,Rol Cat Tekstur,Pcs
BRG-0453,Tangga Aluminium 4 Meter,Unit
BRG-0454,Tangga Lipat Multifungsi,Unit
BRG-0455,Tali Tambang Nilon 8mm,Meter
BRG-0456,Tali Tambang Nilon 14mm,Meter
BRG-0457,Tali Sling Baja 6mm,Meter
BRG-0458,Klem Sling 6mm,Pcs
BRG-0459,Jarum Keras (Turnbuckle) M10,Pcs
BRG-0460,Segel (Shackle) 1/2 inch,Pcs
BRG-0461,Terpal Biru-Oranye 6x8,Pairs
BRG-0462,Terpal Plastik Roll,ST
BRG-0463,Kawat Duri Galvanis,ST
BRG-0464,Kawat Harmonika per Meter,Meter
BRG-0465,Kawat Loket Galvanis,Meter
BRG-0466,Jaring Safety Jala-Jala,Meter
BRG-0467,Semen Mortar MU-480,Kg
BRG-0468,Semen Mortar MU-600,Kg
BRG-0469,Bata Ringan Citicon 7.5cm,ST
BRG-0470,Bata Ringan Citicon 10cm,ST
BRG-0471,Paku GRC 1.5 inch,Kg
BRG-0472,Paku Kayu 1 inch,Kg
BRG-0473,Paku Kayu 6 inch,Kg
BRG-0474,Baut Roofing 12x120,Pcs
BRG-0475,Skrup Tapping 10x2,Box
BRG-0476,Skrup Tapping 12x3,Box
BRG-0477,Aluminium Foil Bubble Double,Meter
BRG-0478,Peredam Panas Roof Mesh,Meter
BRG-0479,Wiremesh M5 per Lembar,ST
BRG-0480,Wiremesh M12 per Lembar,ST
BRG-0481,Kabel Eterna NYA 1x2.5mm,Meter
BRG-0482,Kabel Supreme NYA 1x1.5mm,Meter
BRG-0483,Pipa Conduit High Impact,Meter
BRG-0484,Klem Pipa Conduit 25mm,Pcs
BRG-0485,L-Bow Conduit 25mm,Pcs
BRG-0486,T-Dus Cabang 3 Conduit 25mm,Pcs
BRG-0487,Flexible Conduit 25mm,Meter
BRG-0488,Isolasi Listrik 3M,Pcs
BRG-0489,MCB Schneider 6A,Pcs
BRG-0490,MCB Schneider 20A,Pcs
BRG-0491,Box MCB 12 Group,Pcs
BRG-0492,Box Panel Listrik 30x40,Pcs
BRG-0493,Grounding Rod Copper Clad 5/8,ST
BRG-0494,BC Wire 16mm,Meter
BRG-0495,BC Wire 25mm,Meter
BRG-0496,Klem Grounding (Cincin),Pcs
BRG-0497,Busbar Isolator,Pcs
BRG-0498,Skun Kabel 16mm,Pcs
BRG-0499,Skun Kabel 25mm,Pcs
BRG-0500,Cable Ties 10cm,Box
BRG-0501,Pipa PVC 5 inch Type AW,Meter
BRG-0502,Pipa PVC 6 inch Type AW,Meter
BRG-0503,Elbow PVC 3 inch,Pcs
BRG-0504,Elbow PVC 4 inch,Pcs
BRG-0505,Tee PVC 2 inch,Pcs
BRG-0506,Tee PVC 4 inch,Pcs
BRG-0507,Socket PVC 2 inch,Pcs
BRG-0508,Socket PVC 4 inch,Pcs
BRG-0509,Dop PVC 1 inch,Pcs
BRG-0510,Dop PVC 2 inch,Pcs
BRG-0511,Ball Valve PVC 1 inch,Pcs
BRG-0512,Ball Valve PVC 2 inch,Pcs
BRG-0513,Check Valve PVC 1 inch,Pcs
BRG-0514,Semen Merah Putih 40kg,Kg
BRG-0515,Besi Beton 13mm Ulir,ST
BRG-0516,Besi Beton 25mm Ulir,ST
BRG-0517,Triplek 3mm 122x244,Pairs
BRG-0518,Triplek 15mm 122x244,Pairs
BRG-0519,Kayu Kaso 4x6 Meranti,ST
BRG-0520,Kayu Balok 6x12 Meranti,ST
BRG-0521,Paku Kayu 1.5 inch,Kg
BRG-0522,Paku Kayu 2.5 inch,Kg
BRG-0523,Cat Dasar Tembok Mowilex 20L,Box
BRG-0524,Cat Tembok Nippon Vinilex 25kg,Box
BRG-0525,Cat Minyak Seiv Black,Box
BRG-0526,Cat Minyak Seiv White,Box
BRG-0527,Thinner Super 1L,Liter
BRG-0528,Thinner Cobra 1L,Liter
BRG-0529,Baut Roofing 12x20,Pcs
BRG-0530,Sekrup Gypsum 2 inch,Box
BRG-0531,GGRC Board 6mm 122x244,Pairs
BRG-0532,Compound Aplus 20kg,Kg
BRG-0533,Kabel Supreme NYM 3x1.5mm,Meter
BRG-0534,Kabel Supreme NYM 3x2.5mm,Meter
BRG-0535,Saklar Engkel Philips,Pcs
BRG-0536,Saklar Seri Philips,Pcs
BRG-0537,Stop Kontak Philips,Pcs
BRG-0538,Fitting Lampu Kombinasi,Pcs
BRG-0539,Fitting Lampu Otomatis,Pcs
BRG-0540,Kran Air Stainless 1/2 inch,Pcs
BRG-0541,Kran Angsa Fleksibel,Pcs
BRG-0542,Tang Kombinasi Stanley,Pcs
BRG-0543,Tang Potong Stanley,Pcs
BRG-0544,Obeng Set 7 pcs Tekiro,Set
BRG-0545,Kunci Inggris 15 inch Tekiro,Pcs
BRG-0546,Palu Konde 1lb Tekiro,Pcs
BRG-0547,Gergaji Kayu Camel 18 inch,Pcs
BRG-0548,Waterpass Aluminium 40cm,Pcs
BRG-0549,Siku Tukang Besi 25cm,Pcs
BRG-0550,Sekop Beton Gagang Kayu,Pcs
BRG-0551,Sendok Semen Runcing,Pcs
BRG-0552,Roskam Plastik,Pcs
BRG-0553,Ember Cor Kuat Hijau,Pcs
BRG-0554,Gerobak Pasir Artco Ban Hidup,Unit
BRG-0555,Helm Safety Putih,Pcs
BRG-0556,Sepatu Safety King's,Pairs
BRG-0557,Sarung Tangan Karet,Pairs
BRG-0558,Rompi Safety Hijau,Pcs
BRG-0559,Welding Electrode RB-26 2.6mm,Box
BRG-0560,Grinding Disc 7 inch Resibon,Pcs
BRG-0561,Cutting Disc 14 inch Bosch,Pcs
BRG-0562,Amplas Lembaran No 180,Pairs
BRG-0563,Lem Fox Kuning 600gr,Box
BRG-0564,Lem Aibon 1kg,Box
BRG-0565,Sealant Silicone Grey,Pcs
BRG-0566,Pasir Beton,ST
BRG-0567,Split 1-2 Cor,ST
BRG-0568,Split 2-3 Cor,ST
BRG-0569,Batu Screening,ST
BRG-0570,Grendel Pintu 4 inch,Pcs
BRG-0571,Engsel Jendela 2.5 inch,Pairs
BRG-0572,Handle Pintu Kamar,Pairs
BRG-0573,Kunci Pintu Geser,Set
BRG-0574,Kaca Polos 3mm,Pairs
BRG-0575,Kaca Cermin 5mm,Pairs
BRG-0576,Aluminium Profile T,Meter
BRG-0577,Atap Spandek 0.40mm,Meter
BRG-0578,Atap Onduline,Pairs
BRG-0579,Baja Ringan C75.80,ST
BRG-0580,Seng Gelombang BJLS 25,Pairs
BRG-0581,Genteng Keramik Kanmuri,Pcs
BRG-0582,Lisplang Kayu 20cm,ST
BRG-0583,Pintu Kayu Jati Minimalis,Unit
BRG-0584,Kusen Kayu Jati,Unit
BRG-0585,Bak Mandi Teraso,Unit
BRG-0586,Closet Duduk Toto CW421,Unit
BRG-0587,Shower Mixer Set,Set
BRG-0588,Pipa PPR PN10 25mm,Meter
BRG-0589,Fitting PPR Socket 25mm,Pcs
BRG-0590,Fitting PPR Elbow 25mm,Pcs
BRG-0591,Gate Valve Brass 1 inch,Pcs
BRG-0592,Kawat Las LB-26 3.2mm,Box
BRG-0593,Baut Hitam M20x60,Pcs
BRG-0594,Mur Hitam M20,Pcs
BRG-0595,Ring Plat M20,Pcs
BRG-0596,Dyna Bolt 10x50,Pcs
BRG-0597,Dyna Bolt 12x120,Pcs
BRG-0598,Fisher S5,Box
BRG-0599,Kertas Pasir No 2000,Pairs
BRG-0600,Kertas Pasir No 3000,Pairs
BRG-0601,Pipa PVC 8 inch Type AW,Meter
BRG-0602,Pipa PVC 10 inch Type AW,Meter
BRG-0603,Elbow PVC 6 inch,Pcs
BRG-0604,Socket PVC 6 inch,Pcs
BRG-0605,Tee PVC 6 inch,Pcs
BRG-0606,Dop PVC 6 inch,Pcs
BRG-0607,Ball Valve PVC 3 inch,Pcs
BRG-0608,Ball Valve PVC 4 inch,Pcs
BRG-0609,Gate Valve PVC 2 inch,Pcs
BRG-0610,Semen Padang 40kg,Kg
BRG-0611,Semen Bosowa 40kg,Kg
BRG-0612,Besi Beton 10mm Ulir,ST
BRG-0613,Besi Beton 28mm Ulir,ST
BRG-0614,Triplek Polyfilm 12mm,Pairs
BRG-0615,Triplek Polyfilm 18mm,Pairs
BRG-0616,Kayu Kaso 4x6 Kruing,ST
BRG-0617,Kayu Balok 6x12 Kruing,ST
BRG-0618,Paku Kayu 0.5 inch,Kg
BRG-0619,Paku Seng per Kg,Kg
BRG-0620,Cat Tembok Avitex 5kg,Box
BRG-0621,Cat Tembok Aries 5kg,Box
BRG-0622,Cat Minyak Glotex Black,Box
BRG-0623,Cat Minyak Glotex White,Box
BRG-0624,Thinner A 1L,Liter
BRG-0625,Thinner B 1L,Liter
BRG-0626,Baut Roofing 12x40,Pcs
BRG-0627,Sekrup GRC 1.25 inch,Box
BRG-0628,Compound Cornice 40kg,Kg
BRG-0629,Kabel Eterna NYA 1x4mm,Meter
BRG-0630,Kabel Eterna NYA 1x6mm,Meter
BRG-0631,Saklar Engkel Schneider,Pcs
BRG-0632,Saklar Seri Schneider,Pcs
BRG-0633,Stop Kontak Schneider,Pcs
BRG-0634,Fitting Lampu WD Outbow,Pcs
BRG-0635,Steker Arde Uticon,Pcs
BRG-0636,Kran Angsa PVC,Pcs
BRG-0637,Kran Shower Onda,Pcs
BRG-0638,Tang Kombinasi Camel,Pcs
BRG-0639,Obeng Bolak Balik Tekiro,Pcs
BRG-0640,Kunci Shock Set Tekiro,Set
BRG-0641,Kunci T 10mm Tekiro,Pcs
BRG-0642,Gergaji Besi Sandvik,Pcs
BRG-0643,Meteran 10 Meter Tekiro,Pcs
BRG-0644,Palu Karet Besar,Pcs
BRG-0645,Waterpass Magnet 60cm,Pcs
BRG-0646,Siku Tukang Aluminium 30cm,Pcs
BRG-0647,Sekop Pasir Gagang PVC,Pcs
BRG-0648,Sendok Semen PVC,Pcs
BRG-0649,Ember Cor Anti Pecah,Pcs
BRG-0650,Gerobak Pasir Artco Ban Mati,Unit
BRG-0651,Helm Safety Biru,Pcs
BRG-0652,Helm Safety Hijau,Pcs
BRG-0653,Sepatu Safety Cheetah,Pairs
BRG-0654,Sarung Tangan Las,Pairs
BRG-0655,Welding Electrode LB-52 4.0mm,Box
BRG-0656,Grinding Disc 4 inch Bosch,Pcs
BRG-0657,Cutting Disc 4 inch Makita,Pcs
BRG-0658,Amplas Lembaran No 240,Pairs
BRG-0659,Lem Fox Kuning 1kg,Box
BRG-0660,Sealant Silicone Brown,Pcs
BRG-0661,Semen Instan MU-440,Kg
BRG-0662,Semen Instan MU-100,Kg
BRG-0663,Pasir Urug,ST
BRG-0664,Tanah Urug,ST
BRG-0665,Batu Makadam,ST
BRG-0666,Batu Belah,ST
BRG-0667,Paving Block K-250,Pcs
BRG-0668,Kanstin Beton,Pcs
BRG-0669,Buis Beton 20cm,Pcs
BRG-0670,Buis Beton 30cm,Pcs
BRG-0671,Grendel Pintu 6 inch,Pcs
BRG-0672,Engsel Pintu 2 inch,Pairs
BRG-0673,Engsel Koboi,Pairs
BRG-0674,Door Closer Dekson,Unit
BRG-0675,Kaca Polos 6mm,Pairs
BRG-0676,Kaca Rayban 6mm,Pairs
BRG-0677,Aluminium Profile Flat,Meter
BRG-0678,Atap Alderon per Meter,Meter
BRG-0679,Atap Polycarbonate,Meter
BRG-0680,Genteng Tanah Liat Gelas,Pcs
BRG-0681,Genteng Beton Flat,Pcs
BRG-0682,Lisplang GRC 10cm,ST
BRG-0683,Pintu Kayu Kamper,Unit
BRG-0684,Kusen Kayu Kamper,Unit
BRG-0685,Bak Mandi Sudut Fiber,Unit
BRG-0686,Closet Jongkok Ina,Unit
BRG-0687,Closet Duduk Ina,Unit
BRG-0688,Jet Washer Set,Set
BRG-0689,Pipa PPR PN10 32mm,Meter
BRG-0690,Fitting PPR Socket 32mm,Pcs
BRG-0691,Fitting PPR Elbow 32mm,Pcs
BRG-0692,Gate Valve Cast Iron 2 inch,Pcs
BRG-0693,Kawat Las Nikko Steel 2.6mm,Box
BRG-0694,Baut Galvanis M12x40,Pcs
BRG-0695,Mur Galvanis M12,Pcs
BRG-0696,Ring Plat Galvanis M12,Pcs
BRG-0697,Dyna Bolt 10x120,Pcs
BRG-0698,Dyna Bolt 14x120,Pcs
BRG-0699,Fisher S4,Box
BRG-0700,Fisher S16,Box
BRG-0701,Pipa PVC 12 inch Type AW,Meter
BRG-0702,Pipa PVC 4 inch Type D,Meter
BRG-0703,Elbow PVC 1.5 inch,Pcs
BRG-0704,Tee PVC 1.5 inch,Pcs
BRG-0705,Socket PVC 1.5 inch,Pcs
BRG-0706,Dop PVC 1.5 inch,Pcs
BRG-0707,Ball Valve PVC 1.5 inch,Pcs
BRG-0708,Flange PVC 2 inch,Pcs
BRG-0709,Flange PVC 3 inch,Pcs
BRG-0710,Flange PVC 4 inch,Pcs
BRG-0711,Check Valve PVC 2 inch,Pcs
BRG-0712,Semen Merak 40kg,Kg
BRG-0713,Besi Beton 32mm Ulir,ST
BRG-0714,Besi Beton 36mm Ulir,ST
BRG-0715,Triplek 4mm 122x244,Pairs
BRG-0716,Triplek 12mm Semi Meranti,Pairs
BRG-0717,Kayu Kaso 4x6 Borneo Full,ST
BRG-0718,Kayu Balok 6x12 Borneo Full,ST
BRG-0719,Paku Kayu 0.75 inch,Kg
BRG-0720,Paku Triplek per Kg,Kg
BRG-0721,Cat Tembok Dulux Weathershield,Box
BRG-0722,Cat Tembok Jotun Jotashield,Box
BRG-0723,Cat Minyak Emco Black,Box
BRG-0724,Cat Minyak Emco White,Box
BRG-0725,Thinner Special 1L,Liter
BRG-0726,Thinner High Gloss 5L,Box
BRG-0727,Baut Roofing 12x25,Pcs
BRG-0728,Baut Roofing 12x30,Pcs
BRG-0729,Sekrup Gypsum 1 inch Aplus,Box
BRG-0730,GGRC Board 9mm 122x244,Pairs
BRG-0731,Compound Cornice Aplus,Kg
BRG-0732,Kabel Supreme NYA 1x2.5mm,Meter
BRG-0733,Kabel Supreme NYA 1x4mm,Meter
BRG-0734,Saklar Engkel Panasonic Inbow,Pcs
BRG-0735,Saklar Seri Panasonic Inbow,Pcs
BRG-0736,Stop Kontak Panasonic Inbow,Pcs
BRG-0737,Fitting Lampu WD Inbow,Pcs
BRG-0738,Steker Arde Philips,Pcs
BRG-0739,Kran Air San-Ei 3/4 inch,Pcs
BRG-0740,Kran Shower San-Ei,Pcs
BRG-0741,Tang Rivet Camel,Pcs
BRG-0742,Obeng Ketok Tekiro,Set
BRG-0743,Kunci Ring Pas Set Tekiro,Set
BRG-0744,Kunci T 12mm Tekiro,Pcs
BRG-0745,Gergaji Besi Sandflex Original,Pcs
BRG-0746,Meteran 3 Meter Tekiro,Pcs
BRG-0747,Palu Kambing Camel,Pcs
BRG-0748,Waterpass 100cm,Pcs
BRG-0749,Siku Tukang Besi 40cm,Pcs
BRG-0750,Sekop Beton Stainless,Pcs
BRG-0751,Sendok Semen Stainless,Pcs
BRG-0752,Roskam Busa,Pcs
BRG-0753,Ember Cor Putih Kuat,Pcs
BRG-0754,Gerobak Pasir Artco Ban Pompa,Unit
BRG-0755,Helm Safety Merah,Pcs
BRG-0756,Sepatu Safety King's KWD805,Pairs
BRG-0757,Sarung Tangan Latex,Pairs
BRG-0758,Welding Electrode RB-26 4.0mm,Box
BRG-0759,Grinding Disc 4 inch Resibon Tebal,Pcs
BRG-0760,Cutting Disc 4 inch WD Slim,Pcs
BRG-0761,Amplas Lembaran No 40,Pairs
BRG-0762,Lem Fox Kuning 70gr,Pcs
BRG-0763,Sealant Silicone Grey 300ml,Pcs
BRG-0764,Pasir Cor,ST
BRG-0765,Semen MU-301,Kg
BRG-0766,Semen MU-300,Kg
BRG-0767,Batu Bata Ringan CLC,Pcs
BRG-0768,Kanstin Beton Taman,Pcs
BRG-0769,Grendel Pintu 8 inch,Pcs
BRG-0770,Engsel Pintu 4 inch Dekson,Pairs
BRG-0771,Engsel Jendela Casement,Pairs
BRG-0772,Door Stopper Dekson,Pcs
BRG-0773,Kaca Polos 8mm,Pairs
BRG-0774,Kaca Tempered 10mm,Pairs
BRG-0775,Aluminium Profile Rail,Meter
BRG-0776,Atap Alderon RS per Meter,Meter
BRG-0777,Genteng Keramik KIA,Pcs
BRG-0778,Genteng Beton Garuda,Pcs
BRG-0779,Lisplang Kayu 30cm,ST
BRG-0780,Pintu Kayu Mahoni,Unit
BRG-0781,Kusen Kayu Mahoni,Unit
BRG-0782,Bak Mandi Fiber Kotak,Unit
BRG-0783,Closet Jongkok Toto CE7,Unit
BRG-0784,Closet Duduk Toto CW633,Unit
BRG-0785,Urinal Toto,Unit
BRG-0786,Pipa PPR PN10 40mm,Meter
BRG-0787,Fitting PPR Socket 40mm,Pcs
BRG-0788,Fitting PPR Elbow 40mm,Pcs
BRG-0789,Ball Valve PPR 20mm,Pcs
BRG-0790,Ball Valve PPR 25mm,Pcs
BRG-0791,Check Valve Cast Iron 2 inch,Pcs
BRG-0792,Kawat Las Nikko Steel 3.2mm,Box
BRG-0793,Baut Galvanis M16x60,Pcs
BRG-0794,Mur Galvanis M16,Pcs
BRG-0795,Ring Plat Galvanis M16,Pcs
BRG-0796,Dyna Bolt 8x40,Pcs
BRG-0797,Dyna Bolt 16x120,Pcs
BRG-0798,Fisher S18,Box
BRG-0799,Fisher S20,Box
BRG-0800,Kertas Pasir No 5000,Pairs
BRG-0801,Pipa PVC 1/2 inch Type AW Rucika,Meter
BRG-0802,Pipa PVC 3/4 inch Type AW Rucika,Meter
BRG-0803,Pipa PVC 1 inch Type AW Rucika,Meter
BRG-0804,Pipa PVC 1.5 inch Type AW Rucika,Meter
BRG-0805,Pipa PVC 2 inch Type AW Rucika,Meter
BRG-0806,Pipa PVC 3 inch Type AW Rucika,Meter
BRG-0807,Pipa PVC 4 inch Type AW Rucika,Meter
BRG-0808,Elbow PVC 1/2 inch Rucika,Pcs
BRG-0809,Elbow PVC 3/4 inch Rucika,Pcs
BRG-0810,Tee PVC 1/2 inch Rucika,Pcs
BRG-0811,Tee PVC 3/4 inch Rucika,Pcs
BRG-0812,Socket PVC 1/2 inch Rucika,Pcs
BRG-0813,Socket PVC 3/4 inch Rucika,Pcs
BRG-0814,Dop PVC 1/2 inch Rucika,Pcs
BRG-0815,Dop PVC 3/4 inch Rucika,Pcs
BRG-0816,Water Mur PVC 1/2 inch Rucika,Pcs
BRG-0817,Water Mur PVC 3/4 inch Rucika,Pcs
BRG-0818,Ball Valve PVC 1/2 inch Rucika,Pcs
BRG-0819,Ball Valve PVC 3/4 inch Rucika,Pcs
BRG-0820,Faucet Elbow PVC 1/2 inch,Pcs
BRG-0821,Faucet Socket PVC 1/2 inch,Pcs
BRG-0822,Valve Socket PVC 1/2 inch,Pcs
BRG-0823,Plug PVC 1/2 inch,Pcs
BRG-0824,Semen Tiga Roda 50kg,Kg
BRG-0825,Semen Gresik 50kg,Kg
BRG-0826,Besi Beton 10mm Polos SNI,ST
BRG-0827,Besi Beton 12mm Polos SNI,ST
BRG-0828,Besi Beton 16mm Ulir SNI,ST
BRG-0829,Triplek 9mm Semi Meranti,Pairs
BRG-0830,Triplek 15mm Semi Meranti,Pairs
BRG-0831,Kayu Kaso 5x7 Kruing,ST
BRG-0832,Kayu Balok 8x12 Kruing,ST
BRG-0833,Paku Kayu 1.25 inch,Kg
BRG-0834,Paku Kayu 1.75 inch,Kg
BRG-0835,Cat Tembok Vinilex 5kg White,Box
BRG-0836,Cat Tembok Vinilex 5kg Grey,Box
BRG-0837,Cat Kayu Avian 1L Black,Box
BRG-0838,Cat Kayu Avian 1L White,Box
BRG-0839,Thinner A Spesial 5L,Box
BRG-0840,Baut Roofing 12x45,Pcs
BRG-0841,Baut Roofing 12x55,Pcs
BRG-0842,Sekrup Gypsum 1.25 inch Aplus,Box
BRG-0843,GGRC Board 12mm 122x244,Pairs
BRG-0844,Cornice Adhesive 20kg,Kg
BRG-0845,Kabel Eterna NYM 2x1.5mm 50M,ST
BRG-0846,Kabel Eterna NYM 2x2.5mm 50M,ST
BRG-0847,Lampu LED Phillips 5W,Pcs
BRG-0848,Lampu LED Phillips 7W,Pcs
BRG-0849,Saklar Engkel Panasonic Non-Inbow,Pcs
BRG-0850,Saklar Seri Panasonic Non-Inbow,Pcs
BRG-0851,Stop Kontak Panasonic Non-Inbow,Pcs
BRG-0852,Kran Air PVC 1/2 inch,Pcs
BRG-0853,Kran Air PVC 3/4 inch,Pcs
BRG-0854,Seal Tape Onda 10M,Pcs
BRG-0855,Tang Kombinasi 7 inch Tekiro,Pcs
BRG-0856,Tang Potong 6 inch Tekiro,Pcs
BRG-0857,Obeng Plus-Minus 2 Arah,Pcs
BRG-0858,Kunci Pas 8-9 Tekiro,Pcs
BRG-0859,Kunci Pas 10-11 Tekiro,Pcs
BRG-0860,Kunci Pas 12-13 Tekiro,Pcs
BRG-0861,Gergaji Kayu 18 inch Tekiro,Pcs
BRG-0862,Meteran 5 Meter Stanley,Pcs
BRG-0863,Palu Kambing 16oz Tekiro,Pcs
BRG-0864,Waterpass 24 inch Tekiro,Pcs
BRG-0865,Cangkul Crocodile Original,Pcs
BRG-0866,Sekop Pasir Crocodile,Pcs
BRG-0867,Gerobak Pasir Artco Merah,Unit
BRG-0868,Helm Safety Kuning Proyek,Pcs
BRG-0869,Sepatu Boot AP Boots Kuning,Pairs
BRG-0870,Sarung Tangan Katun Polos,Pairs
BRG-0871,Masker Sensi 3 Ply,Box
BRG-0872,Rompi Safety Jaring Hijau,Pcs
BRG-0873,Kacamata Safety Clear Tekiro,Pcs
BRG-0874,Welding Electrode RB-26 3.2mm 5kg,Box
BRG-0875,Grinding Disc 4 inch WD,Pcs
BRG-0876,Cutting Disc 4 inch WD Green,Pcs
BRG-0877,Amplas Lembaran No 120,Pairs
BRG-0878,Amplas Lembaran No 150,Pairs
BRG-0879,Lem Fox Putih 150gr,Pcs
BRG-0880,Lem G (Lem Setan),Pcs
BRG-0881,Sealant Silicone Clear Onda,Pcs
BRG-0882,Semen Putih Gajah 40kg,Kg
BRG-0883,Pasir Muntilan,ST
BRG-0884,Batu Kali Belah,ST
BRG-0885,Batu Bata Merah Press,Pcs
BRG-0886,Grendel Pintu Stainless 3 inch,Pcs
BRG-0887,Engsel Pintu Stainless 4 inch,Pairs
BRG-0888,Kunci Pintu Set Royal,Set
BRG-0889,Handle Jendela Aluminium,Pcs
BRG-0890,Kaca Polos 5mm Asahimas,Pairs
BRG-0891,Aluminium Profile Hollow 1x1,Meter
BRG-0892,Atap Spandek 0.3mm 6 Meter,ST
BRG-0893,Baja Ringan C75.75 SNI,ST
BRG-0894,Reng Baja Ringan SNI,ST
BRG-0895,Seng Gelombang BJLS 30 6 feet,Pairs
BRG-0896,Genteng Metal Pasir Merah,Pairs
BRG-0897,Lisplang GRC 20cm 4 Meter,ST
BRG-0898,Pintu PVC Kamar Mandi Standar,Unit
BRG-0899,Bak Mandi Fiber Biru,Unit
BRG-0900,Closet Jongkok Toto Putih,Unit
BRG-0901,Closet Duduk Toto Putih,Unit
BRG-0902,Shower Mandi Standar,Set
BRG-0903,Floor Drain Stainless 4 inch,Pcs
BRG-0904,Tangki Air Profil Tank 1100L Blue,Unit
BRG-0905,Pompa Air Shimizu 128 Bit,Unit
BRG-0906,Pipa PPR PN10 20mm 4 Meter,ST
BRG-0907,Kawat Las Stainless 2.0mm 1kg,Box
BRG-0908,Baut Baja Hitam M12x50 Full,Pcs
BRG-0909,Mur Baja Hitam M12 Full,Pcs
BRG-0910,Ring Plat M12 Putih,Pcs
BRG-0911,Dyna Bolt 10x77 Putih,Pcs
BRG-0912,Fisher S8 Pack,Box
BRG-0913,Skrup Kayu 1.5 inch per Box,Box
BRG-0914,Kertas Pasir No 400 Lembar,Pairs
BRG-0915,Kuas Cat 1 inch Standar,Pcs
BRG-0916,Rol Cat Besar Standar,Pcs
BRG-0917,Bak Cat Plastik Hitam,Pcs
BRG-0918,Tangga Aluminium 2 Meter Lokal,Unit
BRG-0919,Tali Tambang Nilon 10mm Roll,ST
BRG-0920,Terpal Biru 4x6 Meter,Pairs
BRG-0921,Semen MU-380 Perekat Bata,Kg
BRG-0922,Semen MU-400 Plester,Kg
BRG-0923,Bata Ringan Hebel 7.5cm SNI,ST
BRG-0924,Bata Ringan Hebel 10cm SNI,ST
BRG-0925,Paku GRC 1 inch per Kg,Kg
BRG-0926,Baut Roofing 12x75 per Pcs,Pcs
BRG-0927,Aluminium Foil Double Side 50M,ST
BRG-0928,Glasswool Insulation 16kg,ST
BRG-0929,Wiremesh M6 SNI,ST
BRG-0930,Wiremesh M8 SNI,ST
BRG-0931,Kabel Eterna NYA 1x1.5mm 100M,ST
BRG-0932,Pipa Conduit 20mm 3 Meter,ST
BRG-0933,T-Dus Kotak Hitam Standar,Pcs
BRG-0934,In-Dus Kotak Putih Standar,Pcs
BRG-0935,Saklar Seri Broco Inbow,Pcs
BRG-0936,Fitting Downlight 4 inch Putih,Pcs
BRG-0937,MCB Schneider 10A 1 Phase,Pcs
BRG-0938,MCB Schneider 16A 1 Phase,Pcs
BRG-0939,Box MCB 4 Group Inbow,Pcs
BRG-0940,Grounding Rod 5/8 1.5 Meter,ST
BRG-0941,Kran Angsa Dapur Onda Standar,Pcs
BRG-0942,Flexible Hose 40cm Stainless,Pcs
BRG-0943,Sifon Wastafel Standar,Set
BRG-0944,Avur Wastafel Standar,Pcs
BRG-0945,Jet Shower Closet Standar,Set
BRG-0946,Stop Kran 1/2 inch Onda Standar,Pcs
BRG-0947,Double Nipple 1/2 inch Galv,Pcs
BRG-0948,Reducer Socket 1x3/4 PVC,Pcs
BRG-0949,Clean Out 4 inch PVC Rucika,Pcs
BRG-0950,Pipa PVC 4 inch Type D Rucika,Meter
BRG-0951,Pipa PVC 3 inch Type D Rucika,Meter
BRG-0952,Y-Branch PVC 4x4 Rucika,Pcs
BRG-0953,Knee PVC 4 inch Rucika,Pcs
BRG-0954,Lem PVC Isarplas 45gr Tube,Box
BRG-0955,Kuas Cat 2 inch Standar,Pcs
BRG-0956,Cat Dasar Tembok Dulux 20L White,Box
BRG-0957,Cat Kayu Mowilex Black 1L,Box
BRG-0958,Thinner B Standar 1L,Liter
BRG-0959,Flap Disc No 80 Tekiro,Pcs
BRG-0960,Batu Potong 14 inch WD,Pcs
BRG-0961,Mata Bor Besi 5mm Nachi Ori,Pcs
BRG-0962,Mata Bor Beton 8mm Bosch Ori,Pcs
BRG-0963,Kunci L Set Tekiro 9 pcs,Set
BRG-0964,Tang Rivet Tekiro Original,Pcs
BRG-0965,Paku Rivet 4x11 per Box,Box
BRG-0966,Gergaji Besi Sandflex Ori,Pcs
BRG-0967,Palu Kambing Tekiro 12oz,Pcs
BRG-0968,Betel Beton 10 inch Standar,Pcs
BRG-0969,Unting-Unting Kuningan 200gr,Pcs
BRG-0970,Benang Bangunan Putih Roll,ST
BRG-0971,Ember Cor Plastik Hitam,Pcs
BRG-0972,Ayakan Pasir Standar,Pcs
BRG-0973,Cangkul Crocodile Gagang Kayu,Pcs
BRG-0974,Gagang Cangkul Kayu Standar,Pcs
BRG-0975,Sapu Lidi Taman Standar,Pcs
BRG-0976,Penggaruk Sampah Besi Standar,Pcs
BRG-0977,Gunting Seng Tekiro 10 inch,Pcs
BRG-0978,Kunci Pintu Kecil Set Kamar,Set
BRG-0979,Engsel Jendela 3 inch Stainless,Pairs
BRG-0980,Kait Angin Jendela Standar,Pcs
BRG-0981,Ram Nyamuk Paranet Hijau,Meter
BRG-0982,Siku Rak Besi 10x12 Putih,Pairs
BRG-0983,Gembok Kuningan 50mm Tekiro,Pcs
BRG-0984,Rantai Besi 1/4 per Meter,Meter
BRG-0985,Klem Pipa 1/2 inch Galv,Pcs
BRG-0986,Klem Kabel No 10 Putih,Box
BRG-0987,Baut JP M6x20 Putih,Pcs
BRG-0988,Sekrup Tapping 8x1 per Box,Box
BRG-0989,Batu Poles 4 inch Resibon,Pcs
BRG-0990,Mata Jigsaw Kayu Bosch,Pcs
BRG-0991,Carbon Brush Makita 100,Pairs
BRG-0992,Oli Mesin Diesel Meditran 1L,Liter
BRG-0993,Grease Chassis 1kg Rotary,Box
BRG-0994,Kain Lap Majun Putih,Kg
BRG-0995,Sabun Cuci Tangan 5L Jerigen,Box
BRG-0996,Cairan Pel Lantai 5L Jerigen,Box
BRG-0997,Tissue Gulung Livi Pack,Box
BRG-0998,Karung Plastik 50kg Baru,Pcs
BRG-0999,Tali Rafia Hitam Roll Besar,ST
BRG-1000,Plastik Cor per Roll Bening,ST
